--populate database
--12 authors,6 publishers, 8 genres, 20 books, 15 customers, ~50 orders, ~90 line items, ~40 reviews

INSERT INTO genres (genre_id, name) VALUES
(1, 'Fiction'),
(2, 'Mystery'),
(3, 'Sci-Fi'),
(4, 'Fantasy'),
(5, 'Non-Fiction'),
(6, 'Biography'),
(7, 'History'),
(8, 'Self-Help');

INSERT INTO publishers (publisher_id, name, country) VALUES
(1, 'Penguin Random House', 'USA'),
(2, 'HarperCollins','USA'),
(3, 'Hachette','France'),
(4, 'Macmillan','UK'),
(5, 'Tor Books','USA'),
(6, 'Bloomsbury','UK');

INSERT INTO authors (author_id, full_name, country, birth_year) VALUES
(1,  'Margaret Hale',     'UK',     1971),
(2,  'David Okafor',      'Nigeria',1968),
(3,  'Yuki Tanaka',       'Japan',  1980),
(4,  'Elena Marquez',     'Spain',  1975),
(5,  'James Whitford',    'USA',    1962),
(6,  'Priya Raman',       'India',  1985),
(7,  'Sven Karlsson',     'Sweden', 1958),
(8,  'Aisha Mansour',     'Egypt',  1979),
(9,  'Robert Chen',       'Canada', 1970),
(10, 'Lucia Bianchi',     'Italy',  1983),
(11, 'Thomas Becker',     'Germany',1965),
(12, 'Sofia Andersson',   'Sweden', 1990);

INSERT INTO books (book_id, title, author_id, publisher_id, genre_id, publish_year, price, cost, stock_qty) VALUES
(1,  'Whispers of the North',     1, 1, 1, 2018, 16.99, 5.20, 42),
(2,  'The Lagos Cipher',          2, 2, 2, 2020, 14.50, 4.80, 30),
(3,  'Tokyo After Midnight',      3, 3, 2, 2019, 15.75, 5.00, 18),
(4,  'Stars Beyond Madrid',       4, 1, 3, 2021, 18.25, 6.10, 25),
(5,  'The Last Architect',        5, 2, 1, 2017, 13.99, 4.50, 50),
(6,  'Mumbai Mornings',           6, 4, 1, 2022, 17.50, 5.75, 35),
(7,  'Ice Kingdom',               7, 5, 4, 2016, 22.00, 7.20, 12),
(8,  'Cairo in Shadows',          8, 3, 2, 2020, 15.25, 4.90, 22),
(9,  'Quantum Drift',             9, 5, 3, 2023, 19.99, 6.40, 40),
(10, 'A Roman Spring',           10, 6, 6, 2015, 21.50, 7.00, 15),
(11, 'Engineered Minds',         11, 2, 5, 2019, 24.99, 8.10, 28),
(12, 'Northern Lights Saga',     12, 5, 4, 2021, 20.00, 6.60, 33),
(13, 'Whispers of the North II', 1, 1, 1, 2020, 17.99, 5.50, 27),
(14, 'The Lagos Cipher: Reborn', 2, 2, 2, 2023, 16.50, 5.30, 45),
(15, 'Atomic Habits of Code',     5, 4, 8, 2022, 19.75, 6.30, 60),
(16, 'History of the Silk Road', 11, 6, 7, 2018, 26.50, 8.80, 14),
(17, 'My Life in Equations',      9, 1, 6, 2017, 18.00, 5.90, 10),
(18, 'Fjords and Foes',          12, 5, 4, 2024, 21.25, 7.10, 38),
(19, 'The Quiet Algorithm',       3, 2, 3, 2024, 20.50, 6.75, 24),
(20, 'Desert Echoes',             8, 3, 1, 2016, 12.99, 4.10,  8);

INSERT INTO customers (customer_id, full_name, email, city, country, signup_date) VALUES
(1,  'Anna Schmidt',   'anna@example.com',   'Berlin',    'Germany', '2022-01-15'),
(2,  'Marcus Lee',     'marcus@example.com', 'Toronto',   'Canada',  '2022-03-22'),
(3,  'Fatima Khan',    'fatima@example.com', 'Karachi',   'Pakistan','2022-05-10'),
(4,  'Liam OBrien',    'liam@example.com',   'Dublin',    'Ireland', '2022-06-01'),
(5,  'Sara Costa',     'sara@example.com',   'Lisbon',    'Portugal','2022-08-19'),
(6,  'Kenji Watanabe', 'kenji@example.com',  'Osaka',     'Japan',   '2022-09-05'),
(7,  'Olivia Martin',  'olivia@example.com', 'Paris',     'France',  '2023-01-12'),
(8,  'Diego Ramirez',  'diego@example.com',  'Mexico City','Mexico', '2023-02-28'),
(9,  'Helga Lund',     'helga@example.com',  'Oslo',      'Norway',  '2023-04-14'),
(10, 'Noah Walker',    'noah@example.com',   'Sydney',    'Australia','2023-05-30'),
(11, 'Chen Wei',       'chen@example.com',   'Shanghai',  'China',   '2023-07-08'),
(12, 'Emma Dubois',    'emma@example.com',   'Lyon',      'France',  '2023-09-21'),
(13, 'Raj Patel',      'raj@example.com',    'Mumbai',    'India',   '2023-11-03'),
(14, 'Isabella Rossi', 'bella@example.com',  'Rome',      'Italy',   '2024-01-17'),
(15, 'Owen Kim',       'owen@example.com',   'Seoul',     'South Korea','2024-03-09');

INSERT INTO orders (order_id, customer_id, order_date, channel) VALUES
(1,   1, '2024-01-05', 'online'),
(2,   2, '2024-01-18', 'in-store'),
(3,   3, '2024-02-02', 'online'),
(4,   1, '2024-02-14', 'online'),
(5,   4, '2024-02-25', 'in-store'),
(6,   5, '2024-03-03', 'online'),
(7,   6, '2024-03-09', 'online'),
(8,   7, '2024-03-15', 'in-store'),
(9,   8, '2024-03-21', 'online'),
(10,  2, '2024-03-28', 'online'),
(11,  9, '2024-04-04', 'online'),
(12, 10, '2024-04-12', 'in-store'),
(13,  3, '2024-04-20', 'online'),
(14, 11, '2024-05-01', 'online'),
(15, 12, '2024-05-08', 'in-store'),
(16,  1, '2024-05-15', 'online'),
(17, 13, '2024-05-22', 'online'),
(18, 14, '2024-05-30', 'online'),
(19,  5, '2024-06-06', 'in-store'),
(20, 15, '2024-06-14', 'online'),
(21,  6, '2024-06-21', 'online'),
(22,  7, '2024-07-02', 'online'),
(23,  2, '2024-07-09', 'in-store'),
(24,  8, '2024-07-17', 'online'),
(25,  9, '2024-07-25', 'online'),
(26, 10, '2024-08-02', 'in-store'),
(27, 11, '2024-08-11', 'online'),
(28,  3, '2024-08-19', 'online'),
(29,  4, '2024-08-27', 'online'),
(30, 12, '2024-09-04', 'in-store'),
(31,  1, '2024-09-13', 'online'),
(32, 13, '2024-09-22', 'online'),
(33, 14, '2024-10-01', 'online'),
(34,  6, '2024-10-09', 'in-store'),
(35, 15, '2024-10-18', 'online'),
(36,  5, '2024-10-27', 'online'),
(37,  7, '2024-11-04', 'online'),
(38,  2, '2024-11-13', 'in-store'),
(39, 11, '2024-11-22', 'online'),
(40,  9, '2024-12-02', 'online'),
(41, 10, '2024-12-11', 'in-store'),
(42,  1, '2024-12-20', 'online'),
(43,  3, '2025-01-08', 'online'),
(44,  8, '2025-01-19', 'online'),
(45, 13, '2025-01-29', 'in-store'),
(46, 14, '2025-02-09', 'online'),
(47,  6, '2025-02-19', 'online'),
(48, 15, '2025-03-02', 'online'),
(49,  4, '2025-03-12', 'in-store'),
(50, 12, '2025-03-22', 'online');

INSERT INTO order_items (order_item_id, order_id, book_id, quantity, unit_price) VALUES
(1,   1,  1, 1, 16.99),
(2,   1,  9, 2, 19.99),
(3,   2,  5, 1, 13.99),
(4,   3,  2, 1, 14.50),
(5,   3, 14, 1, 16.50),
(6,   4,  9, 1, 19.99),
(7,   4, 15, 1, 19.75),
(8,   5,  7, 1, 22.00),
(9,   6,  6, 2, 17.50),
(10,  7,  3, 1, 15.75),
(11,  7, 19, 1, 20.50),
(12,  8, 11, 1, 24.99),
(13,  9,  4, 1, 18.25),
(14,  9, 12, 1, 20.00),
(15, 10,  9, 1, 19.99),
(16, 10,  1, 1, 16.99),
(17, 11, 18, 2, 21.25),
(18, 12, 16, 1, 26.50),
(19, 13,  2, 2, 14.50),
(20, 14, 15, 3, 19.75),
(21, 15,  6, 1, 17.50),
(22, 15, 13, 1, 17.99),
(23, 16,  9, 1, 19.99),
(24, 16, 19, 1, 20.50),
(25, 17, 12, 1, 20.00),
(26, 18, 14, 2, 16.50),
(27, 19,  7, 1, 22.00),
(28, 19, 18, 1, 21.25),
(29, 20, 15, 1, 19.75),
(30, 21,  6, 1, 17.50),
(31, 21,  1, 1, 16.99),
(32, 22, 19, 2, 20.50),
(33, 23,  5, 1, 13.99),
(34, 23, 11, 1, 24.99),
(35, 24,  4, 1, 18.25),
(36, 25,  9, 1, 19.99),
(37, 26, 12, 2, 20.00),
(38, 27, 18, 1, 21.25),
(39, 27, 14, 1, 16.50),
(40, 28,  2, 1, 14.50),
(41, 29,  3, 1, 15.75),
(42, 29, 19, 1, 20.50),
(43, 30, 16, 1, 26.50),
(44, 31,  9, 2, 19.99),
(45, 31, 15, 1, 19.75),
(46, 32, 13, 1, 17.99),
(47, 33,  1, 1, 16.99),
(48, 33,  6, 1, 17.50),
(49, 34, 18, 1, 21.25),
(50, 35, 14, 2, 16.50),
(51, 36, 11, 1, 24.99),
(52, 37,  7, 1, 22.00),
(53, 37, 12, 1, 20.00),
(54, 38,  5, 2, 13.99),
(55, 39, 19, 1, 20.50),
(56, 39, 15, 1, 19.75),
(57, 40,  9, 1, 19.99),
(58, 41, 18, 1, 21.25),
(59, 42,  1, 1, 16.99),
(60, 42, 14, 1, 16.50),
(61, 43,  2, 1, 14.50),
(62, 43,  6, 1, 17.50),
(63, 44, 11, 1, 24.99),
(64, 45, 13, 2, 17.99),
(65, 46,  9, 1, 19.99),
(66, 46, 19, 1, 20.50),
(67, 47, 15, 1, 19.75),
(68, 47,  1, 1, 16.99),
(69, 48,  3, 1, 15.75),
(70, 49,  7, 1, 22.00),
(71, 50, 18, 1, 21.25),
(72, 50, 14, 1, 16.50),
(73,  6, 20, 1, 12.99),
(74,  8, 17, 1, 18.00),
(75, 11, 10, 1, 21.50),
(76, 14,  8, 1, 15.25),
(77, 22, 10, 1, 21.50),
(78, 26, 17, 1, 18.00),
(79, 30,  8, 1, 15.25),
(80, 34, 20, 1, 12.99),
(81, 38, 10, 1, 21.50),
(82, 41, 17, 1, 18.00),
(83, 45,  8, 1, 15.25),
(84, 49, 20, 1, 12.99),
(85,  4,  1, 1, 16.99),
(86, 12,  9, 1, 19.99),
(87, 24, 15, 2, 19.75),
(88, 32,  6, 1, 17.50),
(89, 40, 14, 1, 16.50),
(90, 48,  9, 1, 19.99);

INSERT INTO reviews (review_id, book_id, customer_id, rating, review_date) VALUES
(1,   1,  1, 5, '2024-01-20'),
(2,   9,  1, 4, '2024-01-22'),
(3,   5,  2, 3, '2024-01-30'),
(4,   2,  3, 5, '2024-02-15'),
(5,  14,  3, 4, '2024-02-18'),
(6,   9,  1, 5, '2024-02-25'),
(7,  15,  1, 5, '2024-02-28'),
(8,   7,  4, 4, '2024-03-10'),
(9,   6,  5, 5, '2024-03-12'),
(10,  3,  6, 4, '2024-03-15'),
(11, 19,  6, 3, '2024-03-18'),
(12, 11,  7, 5, '2024-03-22'),
(13,  4,  8, 4, '2024-03-28'),
(14, 12,  8, 5, '2024-04-01'),
(15,  9,  2, 4, '2024-04-05'),
(16,  1,  2, 5, '2024-04-08'),
(17, 18,  9, 5, '2024-04-15'),
(18, 16, 10, 4, '2024-04-20'),
(19,  2,  3, 5, '2024-04-28'),
(20, 15, 11, 5, '2024-05-08'),
(21,  6, 12, 4, '2024-05-15'),
(22, 13, 12, 3, '2024-05-18'),
(23,  9,  1, 5, '2024-05-22'),
(24, 19,  1, 4, '2024-05-25'),
(25, 12, 13, 5, '2024-05-30'),
(26, 14, 14, 4, '2024-06-05'),
(27,  7,  5, 4, '2024-06-12'),
(28, 18,  5, 5, '2024-06-15'),
(29, 15, 15, 5, '2024-06-20'),
(30,  6,  6, 4, '2024-06-25'),
(31,  1,  6, 5, '2024-06-28'),
(32, 19,  7, 4, '2024-07-08'),
(33,  5,  2, 2, '2024-07-15'),
(34, 11,  2, 5, '2024-07-18'),
(35,  9,  9, 4, '2024-07-30'),
(36, 12, 10, 5, '2024-08-08'),
(37, 18, 11, 5, '2024-08-15'),
(38,  9,  1, 5, '2024-09-18'),
(39, 15,  1, 5, '2024-09-22'),
(40,  6,  6, 5, '2024-10-12'),
(41,  9, 10, 4, '2024-12-10'),
(42, 14, 14, 4, '2025-02-12'),
(43, 18, 15, 5, '2025-03-08'),
(44,  3, 15, 3, '2025-03-10');
